"sample","tss_enrichment"
"IMR5_1",2.68335994615379
"IMR5_2",1.5447251005841
"SHEP1",2.84483372498754
"SHEP2",3.06841317827066
"SKNAS1",2.69105133953816
"SKNAS2",2.66863205234637
"SY5Y_1",2.13422426217759
"SY5Y_2",2.47162567253469
